validation,model,k,accuracy_mean,accuracy_std,balanced_accuracy_mean,balanced_accuracy_std,f1_macro_mean,f1_macro_std
global_label_descriptive,logistic_l2,2,0.8384615384615385,0.015384615384615375,0.4954545454545455,0.009090909090909084,0.45602836879432623,0.004609929078014185
global_label_descriptive,linear_svm,2,0.8461538461538461,0.0,0.5,0.0,0.4583333333333333,0.0
global_label_descriptive,rbf_svm,2,0.8461538461538461,0.0,0.5,0.0,0.4583333333333333,0.0
global_label_descriptive,tri_ensemble,2,0.9846153846153847,0.03076923076923075,0.9704545454545455,0.059090909090909076,0.9704545454545455,0.059090909090909076
